{"openings": [["3SaQuogc8FJfdi6bkgPUWK", {"T": [[0.9973200786421739, 6.123233995736765e-17, 0.07316188035560504, -1.9396321862636647], [-5.658836897187158e-17, 1.0, -6.554811523158092e-17, 1.5399999999999991], [-0.07316188035560503, 6.123233995736766e-17, 0.9973200786421741, 2.2880965947396343], [0.0, 0.0, 0.0, 1.0]], "S": [0.20165887213910283, 1.8200000000000003, 1.9488180724058835]}], ["0atnRh1$RUHOT5URtc6AQs", {"T": [[0.9973200786421739, 6.123233995736765e-17, 0.07316188035560504, -1.939632186263665], [-5.658836897187158e-17, 1.0, -6.554811523158092e-17, 3.3600000000499985], [-0.07316188035560503, 6.123233995736766e-17, 0.9973200786421741, 2.288096594739635], [0.0, 0.0, 0.0, 1.0]], "S": [0.20165887213910327, 1.8200000000000003, 1.9488180724058835]}], ["2g1P9XhAPeIfJefDtSJOnd", {"T": [[0.9973200786421739, 6.123233995736765e-17, 0.07316188035560504, -1.939632186263665], [-5.658836897187158e-17, 1.0, -6.554811523158092e-17, 5.1829436933399995], [-0.07316188035560503, 6.123233995736766e-17, 0.9973200786421741, 2.288096594739635], [0.0, 0.0, 0.0, 1.0]], "S": [0.20165887213910327, 1.8200000000000003, 1.9488180724058837]}], ["1SzVGTSYm1Gfe3prZmuef8", {"T": [[0.9973200786421739, 6.123233995736765e-17, 0.07316188035560504, -1.9396321862636647], [-5.658836897187158e-17, 1.0, -6.554811523158092e-17, 7.002943693339999], [-0.07316188035560503, 6.123233995736766e-17, 0.9973200786421741, 2.2880965947396343], [0.0, 0.0, 0.0, 1.0]], "S": [0.20165887213910283, 1.8200000000000003, 1.9488180724058832]}], ["3MR2v5h7fyIwyUF5BWKOeI", {"T": [[0.9973200786421739, 6.123233995736765e-17, 0.07316188035560504, -1.9396321862636647], [-5.658836897187158e-17, 1.0, -6.554811523158092e-17, 8.82294369334], [-0.07316188035560503, 6.123233995736766e-17, 0.9973200786421741, 2.2880965947396343], [0.0, 0.0, 0.0, 1.0]], "S": [0.20165887213910283, 1.8200000000000003, 1.9488180724058835]}], ["2BMmOU5GAzGAJuk2p8M4uK", {"T": [[0.9973200786421739, 6.123233995736765e-17, 0.07316188035560504, -1.9396321862636645], [-5.658836897187158e-17, 1.0, -6.554811523158092e-17, 10.642943693339], [-0.07316188035560503, 6.123233995736766e-17, 0.9973200786421741, 2.2880965947396343], [0.0, 0.0, 0.0, 1.0]], "S": [0.20165887213910327, 1.8200000000000003, 1.9488180724058835]}], ["3XBd7rNBQfHAvElqOBZuZ7", {"T": [[-1.0, 1.8369701987210297e-16, -0.0, 5.4967424964900005], [1.8369701987210297e-16, 1.0, 0.0, 9.878480300902], [-0.0, -0.0, -1.0, 1.0715], [0.0, 0.0, 0.0, 1.0]], "S": [0.23800000000000043, 1.2690393981899994, 2.143]}], ["0fIPTm9ozUJATVFKeVpDva", {"T": [[1.0, 0.0, -1.8369701987210297e-16, 5.4967424964900005], [-1.8369701987210297e-16, -0.0, -1.0, 0.26436229609500017], [0.0, 1.0, 0.0, 1.0715], [0.0, 0.0, 0.0, 1.0]], "S": [0.23800000000000043, 2.143, 2.4744869404100003]}]], "solids": [["0ilmgMTI4oG9jyVXyQsI8K", {"T": [[0.7947194142389418, 0.6037034299434147, -0.06295412064567521, 0.016843690551673316], [0.45883146774130695, -0.6654104630506785, -0.5888145717227448, 0.15754029024143543], [-0.3973597071194708, 0.43905703995863465, -0.8058127442654964, -0.7844007609383521], [0.0, 0.0, 0.0, 1.0]], "S": [0.7947194142389415, 0.8781140799172694, 1.0765154630419616]}], ["3EIgl5c1T5ZupE4wIOmYB2", {"T": [[-0.0009883220876981355, -0.9999995116096063, -0.0, 3.1838445215811593], [-0.9999995116096061, 0.0009883220876981352, -0.0, 8.19863165358891], [-0.0, -0.0, -1.0, 1.25], [0.0, 0.0, 0.0, 1.0]], "S": [0.0600000000000005, 1.2570321366500004, 2.5]}], ["2C$RviKUDEOevtMvujezLr", {"T": [[-0.9999279346223917, 0.012005230601604867, -0.0, 3.771227230111836], [0.012005230601604867, 0.9999279346223919, 0.0, 7.298437640339225], [-0.0, -0.0, -1.0, 1.25], [0.0, 0.0, 0.0, 1.0]], "S": [0.06000000000000005, 1.8599999999999994, 2.5]}], ["1IvXBvzuL1wOe_6do85qRC", {"T": [[0.012005230601605492, 0.9999279346223916, 0.0, 3.490441980221331], [0.9999279346223917, -0.012005230601605492, 0.0, 6.401743911439153], [-0.0, -0.0, -1.0, 1.25], [0.0, 0.0, 0.0, 1.0]], "S": [0.0600000000000005, 0.6000000000000001, 2.5]}], ["0ilmgMTI4oG9jyVXyQsI8K", {"T": [[0.7947194142389418, 0.6037034299434147, -0.06295412064567521, 0.016843690551673316], [0.45883146774130695, -0.6654104630506785, -0.5888145717227448, 0.15754029024143543], [-0.3973597071194708, 0.43905703995863465, -0.8058127442654964, -0.7844007609383521], [0.0, 0.0, 0.0, 1.0]], "S": [0.7947194142389415, 0.8781140799172694, 1.0765154630419616]}], ["3cvyzU72P3LhGtBdnwx098", {"T": [[-0.009625009374753754, -0.9999536785244284, -0.0, 3.4379648530055777], [-0.9999536785244283, 0.009625009374753754, -0.0, 6.9354849726993155], [-0.0, -0.0, -1.0, 1.25], [0.0, 0.0, 0.0, 1.0]], "S": [0.0600000000000005, 0.5979065753460007, 2.5]}], ["0ilmgMTI4oG9jyVXyQsI8K", {"T": [[0.7947194142389418, 0.6037034299434147, -0.06295412064567521, 0.016843690551673316], [0.45883146774130695, -0.6654104630506785, -0.5888145717227448, 0.15754029024143543], [-0.3973597071194708, 0.43905703995863465, -0.8058127442654964, -0.7844007609383521], [0.0, 0.0, 0.0, 1.0]], "S": [0.7947194142389415, 0.8781140799172694, 1.0765154630419616]}], ["0RGsnjulz1VQqAJGZaWRmo", {"T": [[-0.009625009374753787, -0.9999536785244284, 1.2304836901618405e-16, 3.4420690015055784], [-0.9999536785244285, 0.009625009374753787, 6.005077989277258e-17, 7.277323698999315], [-6.123233995736765e-17, -1.2246467991473532e-16, -1.0, 1.25], [0.0, 0.0, 0.0, 1.0]], "S": [0.0600000000000005, 0.5979065753459998, 2.5]}], ["1YsCMyXdhdIvoDZp$qAOsf", {"T": [[-1.2246467991473532e-16, -0.0, -1.0, 1.57237311363], [-1.0, -0.0, 1.2246467991473532e-16, -2.1391535759], [0.0, 1.0, 0.0, 1.7499999999999998], [0.0, 0.0, 0.0, 1.0]], "S": [0.20000000000000018, 4.1, 8.04873876572]}], ["0M0MEzz7kpIhKqjRf2chBD", {"T": [[-0.0, -1.0, -0.0, -2.155644149776], [-1.0, -0.0, -0.0, 0.5170312881470001], [-0.0, -0.0, -1.0, 1.7499999999999998], [0.0, 0.0, 0.0, 1.0]], "S": [0.19999999999999996, 0.5927042388919999, 4.1]}], ["2UsgsX4zQQJPj9UVdMdBeI", {"T": [[-1.0, -6.123233995736766e-17, -0.0, -2.3519962692300003], [-6.123233995736766e-17, 1.0, 0.0, -0.8110611438730001], [-0.0, -0.0, -1.0, 1.7499999999999998], [0.0, 0.0, 0.0, 1.0]], "S": [0.20000000000000018, 2.85618486404, 4.1]}], ["0UiIX4yHbBHB8BnPIliual", {"T": [[-1.0, -0.0, 6.123233995736766e-17, -1.9592920303299999], [6.123233995736766e-17, 0.0, 1.0, 6.0909863472499985], [0.0, 1.0, 0.0, 1.7499999999999998], [0.0, 0.0, 0.0, 1.0]], "S": [0.19999999999999996, 4.1, 11.3479101181]}], ["0JKPe_kEQRHBRWIDGo94Or", {"T": [[1.0, 0.0, 6.123233995736766e-17, 5.4967424964900005], [6.123233995736766e-17, -0.0, -1.0, 4.65542321205], [0.0, 1.0, 0.0, 1.7499999999999998], [0.0, 0.0, 0.0, 1.0]], "S": [0.20000000000000018, 4.1, 13.789153575899999]}], ["2ql7zZORzjGRVqu54Ekzoi", {"T": [[1.2246467991473532e-16, 1.0, 0.0, -1.4450000000000003], [1.0, -1.2246467991473532e-16, 0.0, 4.47], [-0.0, -0.0, -1.0, 1.75], [0.0, 0.0, 0.0, 1.0]], "S": [0.35999999999999943, 0.5500000000000003, 3.5]}], ["1hybYvEOJcIwd5v2VoGlM8", {"T": [[1.2246467991473532e-16, 1.0, 0.0, 4.87115414087], [1.0, -1.2246467991473532e-16, 0.0, 4.47692292956], [-0.0, -0.0, -1.0, 1.75], [0.0, 0.0, 0.0, 1.0]], "S": [0.35999999999999943, 0.5500000000000007, 3.5]}], ["0gxlHYP5w1IB6ywjAjktC7", {"T": [[0.0, 0.0, 1.0, 1.676322576655], [1.0, 0.0, 0.0, 11.664941406299999], [0.0, 1.0, 0.0, 1.7499999999999998], [0.0, 0.0, 0.0, 1.0]], "S": [0.1999999999999993, 4.1, 7.47122921397]}], ["3fBZdU$SVZHAEFaKfWKvib", {"T": [[1.2246467991473532e-16, 1.0, 0.0, -1.4450000250300001], [1.0, -1.2246467991473532e-16, 0.0, 11.6693035889], [-0.0, -0.0, -1.0, 1.75], [0.0, 0.0, 0.0, 1.0]], "S": [0.35999999999999943, 0.5500000000000003, 3.5]}], ["2t2qBo05rrIAnED7LZMxNk", {"T": [[0.0, 1.0, -6.123233995736766e-17, 1.5850000000000002], [-0.0, -6.123233995736766e-17, -1.0, 4.750000000000001], [-1.0, -0.0, -0.0, -0.15], [0.0, 0.0, 0.0, 1.0]],